State/UT,Male,Female,Total
Andhra Pradesh,37,14,51
Arunachal Pradesh,0,0,0
Assam,5,1,6
Bihar,27,7,34
Chhattisgarh,141,86,227
Goa,0,1,1
Gujarat,57,19,76
Haryana,3,0,3
Himachal Pradesh,0,2,2
Jharkhand,13,7,20
Karnataka,44,16,60
Kerala,25,13,38
Madhya Pradesh,201,74,275
Maharashtra,178,63,241
Manipur,0,0,0
Meghalaya,2,0,2
Mizoram,0,0,0
Nagaland,1,0,1
Odisha,154,72,226
Punjab,6,0,6
Rajasthan,18,8,26
Sikkim,0,0,0
Tamil Nadu,48,14,62
Tripura,0,0,0
Uttar Pradesh,58,17,75
Uttarakhand,1,0,1
West Bengal,48,15,63
Andaman and Nicobar Islands,0,0,0
Chandigarh,2,0,2
Dadra and Nagar Haveli,0,0,0
Daman and Diu,0,0,0
Delhi,1,0,1
Jammu and Kashmir,3,3,6
Lakshadweep,0,0,0
Puducherry,0,2,2
Total,1073,434,1507
